{
    "fp": {
        "googlenet": {
            "train": {
                "time": 156.73682713508606,
                "accuracy": 0.7259999976158142
            },
            "test": {
                "time": 144.54229068756104,
                "accuracy": 0.7429999966621399
            }
        },
        "inception_v3": {
            "train": {
                "time": 214.18131279945374,
                "accuracy": 0.7690000038146972
            },
            "test": {
                "time": 218.3693552017212,
                "accuracy": 0.7870000009536743
            }
        },
        "mobilenet_v2": {
            "train": {
                "time": 141.38158059120178,
                "accuracy": 0.7179999966621399
            },
            "test": {
                "time": 136.40176463127136,
                "accuracy": 0.7300000038146973
            }
        },
        "resnet18": {
            "train": {
                "time": 101.66925501823425,
                "accuracy": 0.7059999947547912
            },
            "test": {
                "time": 103.59308862686157,
                "accuracy": 0.6939999995231628
            }
        },
        "resnet50": {
            "train": {
                "time": 351.45351791381836,
                "accuracy": 0.7619999952316284
            },
            "test": {
                "time": 319.6540322303772,
                "accuracy": 0.7770000057220459
            }
        },
        "resnext101_32x8d": {
            "train": {
                "time": 990.7854180335999,
                "accuracy": 0.7889999980926514
            },
            "test": {
                "time": 1016.4241540431976,
                "accuracy": 0.8029999952316285
            }
        }
    },
    "quantized": {
        "googlenet": {
            "train": {
                "time": 56.34496712684631,
                "accuracy": 0.7239999947547913
            },
            "test": {
                "time": 54.670756578445435,
                "accuracy": 0.7409999933242798
            }
        },
        "inception_v3": {
            "train": {
                "time": 89.85006165504456,
                "accuracy": 0.7749999928474426
            },
            "test": {
                "time": 90.75089621543884,
                "accuracy": 0.7839999976158142
            }
        },
        "mobilenet_v2": {
            "train": {
                "time": 53.37248682975769,
                "accuracy": 0.7269999938011169
            },
            "test": {
                "time": 51.30975914001465,
                "accuracy": 0.7360000038146972
            }
        },
        "resnet18": {
            "train": {
                "time": 63.92434620857239,
                "accuracy": 0.7039999985694885
            },
            "test": {
                "time": 64.3195252418518,
                "accuracy": 0.6850000009536743
            }
        },
        "resnet50": {
            "train": {
                "time": 123.31669878959656,
                "accuracy": 0.7539999976158142
            },
            "test": {
                "time": 122.09768509864807,
                "accuracy": 0.7779999976158142
            }
        },
        "resnext101_32x8d": {
            "train": {
                "time": 471.8397560119629,
                "accuracy": 0.7899999985694885
            },
            "test": {
                "time": 476.332804441452,
                "accuracy": 0.8069999985694886
            }
        }
    }
}